<application>
  <component name="FileTypeManager" version="17">
    <extensionMap>
      <removed_mapping pattern=".env" approved="true" type=".env file" />
      <mapping pattern="kt" type="PHP" />
      <mapping pattern="`" type="PLAIN_TEXT" />
      <mapping pattern=".env" type="PLAIN_TEXT" />
      <mapping pattern="1" type="PLAIN_TEXT" />
      <mapping pattern="splitsh-lite" type="PLAIN_TEXT" />
      <mapping pattern=".env.bata" type="PLAIN_TEXT" />
      <mapping pattern=".gitigrnore" type="PLAIN_TEXT" />
      <mapping ext="cer" type="PLAIN_TEXT" />
      <mapping ext="pid" type="PLAIN_TEXT" />
      <mapping ext="pfx" type="PLAIN_TEXT" />
      <mapping ext="out" type="PLAIN_TEXT" />
      <removed_mapping ext="cmd" approved="true" type="PLAIN_TEXT" />
      <removed_mapping ext="log" approved="true" type="PLAIN_TEXT" />
      <removed_mapping ext="bat" approved="true" type="PLAIN_TEXT" />
      <removed_mapping ext="bat" approved="true" type="PLAIN_TEXT" />
      <removed_mapping ext="log" approved="true" type="PLAIN_TEXT" />
      <removed_mapping ext="dockerfile" approved="true" type="textmate" />
      <removed_mapping pattern="makefile" approved="true" type="PLAIN_TEXT" />
      <removed_mapping ext="makefile" approved="true" type="textmate" />
      <removed_mapping pattern=".env" approved="true" type=".env file" />
      <removed_mapping ext="cmd" approved="true" type="PLAIN_TEXT" />
      <removed_mapping ext="snakefile" approved="true" type="textmate" />
    </extensionMap>
  </component>
</application>