<application>
  <component name="ProjectManager">
    <defaultProject>
      <component name="NodePackageJsonFileManager">
        <packageJsonPaths />
      </component>
      <component name="PhpCodeSniffer">
        <phpcs_settings>
          <PhpCSConfiguration standards="MySource;PEAR;PSR1;PSR12;PSR2;Squiz;Zend" tool_path="/usr/local/bin/phpcs" />
        </phpcs_settings>
      </component>
      <component name="ProjectInspectionProfilesVisibleTreeState">
        <entry key="Project Default">
          <profile-state>
            <expanded-state>
              <State />
              <State>
                <id>PHP</id>
              </State>
              <State>
                <id>Quality toolsPHP</id>
              </State>
            </expanded-state>
            <selected-state>
              <State>
                <id>PhpCSValidationInspection</id>
              </State>
            </selected-state>
          </profile-state>
        </entry>
      </component>
      <component name="PropertiesComponent">
        <property name="nodejs_interpreter_path.stuck_in_default_project" value="undefined stuck path" />
        <property name="nodejs_npm_path_reset_for_default_project" value="true" />
        <property name="settings.editor.selected.configurable" value="reference.settingsdialog.IDE.editor.colors" />
      </component>
      <component name="RunDashboard">
        <option name="ruleStates">
          <list>
            <RuleState>
              <option name="name" value="ConfigurationTypeDashboardGroupingRule" />
            </RuleState>
            <RuleState>
              <option name="name" value="StatusDashboardGroupingRule" />
            </RuleState>
          </list>
        </option>
      </component>
    </defaultProject>
  </component>
</application>