<application>
  <component name="UpdatesConfigurable">
    <ignoredBuildNumbers>
      <item value="183.5429.47" />
      <item value="183.5912.26" />
      <item value="191.6707.66" />
      <item value="191.7141.52" />
      <item value="191.7479.51" />
    </ignoredBuildNumbers>
    <option name="LAST_BUILD_CHECKED" value="PS-193.6015.48" />
    <option name="LAST_TIME_CHECKED" value="1580888142687" />
    <option name="THIRD_PARTY_PLUGINS_ALLOWED" value="true" />
  </component>
</application>