<keymap version="1" name="Eclipse (macOS) copy" parent="Eclipse (Mac OS X)">
  <action id="CheckinProject">
    <keyboard-shortcut first-keystroke="meta k" />
  </action>
  <action id="Console.Execute.Multiline" />
  <action id="Console.Jdbc.Execute" />
  <action id="DirDiffMenu.SynchronizeDiff.All" />
  <action id="DuplicatesForm.SendToLeft" />
  <action id="DuplicatesForm.SendToRight" />
  <action id="EditorScrollBottom">
    <keyboard-shortcut first-keystroke="meta down" />
  </action>
  <action id="EditorScrollTop">
    <keyboard-shortcut first-keystroke="meta up" />
  </action>
  <action id="EditorSelectWord">
    <keyboard-shortcut first-keystroke="meta 1" />
  </action>
  <action id="EditorSplitLine" />
  <action id="FileChooser.GotoHome" />
  <action id="FileChooser.GotoProject" />
  <action id="Find">
    <keyboard-shortcut first-keystroke="meta f" />
  </action>
  <action id="FindNext" />
  <action id="FindPrevious" />
  <action id="Git.Pull">
    <keyboard-shortcut first-keystroke="shift meta p" />
  </action>
  <action id="GotoDeclaration">
    <keyboard-shortcut first-keystroke="f3" />
    <mouse-shortcut keystroke="control button1" />
    <mouse-shortcut keystroke="meta button1" />
  </action>
  <action id="GotoFile" />
  <action id="IncrementalSearch" />
  <action id="InsertLiveTemplate">
    <keyboard-shortcut first-keystroke="meta j" />
  </action>
  <action id="Replace">
    <keyboard-shortcut first-keystroke="meta r" />
  </action>
  <action id="ReplaceInPath">
    <keyboard-shortcut first-keystroke="shift meta r" />
  </action>
  <action id="RunToCursor" />
  <action id="SearchEverywhere.NavigateToNextGroup">
    <keyboard-shortcut first-keystroke="page_down" />
  </action>
  <action id="SearchEverywhere.NavigateToPrevGroup">
    <keyboard-shortcut first-keystroke="page_up" />
  </action>
  <action id="SetShortcutAction" />
  <action id="ShowIntentionActions">
    <keyboard-shortcut first-keystroke="meta 2" />
    <keyboard-shortcut first-keystroke="meta enter" />
  </action>
  <action id="ViewSource" />
</keymap>